Job ID,Due Time,Stage-1 Processing Time,Stage-2 Processing Time,Stage-1 Machines,Stage-2 Machines
1,23.4,9.3,8.5,"1,2,3,4,6,7,8","2,3,4,7,8"
2,14.8,4.6,7.199999999999999,"1,2,3,4,5,7,8","1,2,3,7,8"
3,13.1,5.0,4.800000000000001,"2,3,4,5,6,7,8","2,3,4,5,7,8"
4,18.6,5.6,0.0,"1,2,4,5,6,7,8",
5,14.1,8.9,0.0,"1,2,4,5,6,7,8",
6,9.6,1.9,1.2999999999999998,"1,2,3,5,6,7,8","2,3,5,7,8"
7,6.6,2.5,0.09999999999999964,"1,2,4,5,6,7,8","1,5,6,7,8"
