Job ID,Due Time,Stage-1 Processing Time,Stage-2 Processing Time,Stage-1 Machines,Stage-2 Machines
1,23.4,9.3,8.5,"1,2,3,4,5,6,7,8,9,10","2,3,4,5,6,7,8,9,10"
2,14.8,4.6,7.199999999999999,"1,2,3,4,5,6,7,8,9,10","1,3,4,5,6,7,8,9,10"
3,13.1,5.0,4.800000000000001,"1,2,3,4,5,6,7,8,9,10","2,3,4,5,6,7,8,9,10"
