Job ID,Due Time,Stage-1 Processing Time,Stage-2 Processing Time,Stage-1 Machines,Stage-2 Machines
1,23.4,9.3,8.5,"2,3,4,5,6,7,8,9,10,11,12","2,3,5,6,7,8,9,10,11,12"
2,14.8,4.6,7.199999999999999,"1,3,4,5,6,7,8,9,10,11,12","1,3,5,6,7,8,9,10,11,12"
3,13.1,5.0,4.800000000000001,"2,3,4,5,6,7,8,9,10,11,12","2,3,5,6,7,8,9,10,11,12"
4,18.6,5.6,0.0,"1,2,4,5,6,7,8,9,10,11,12",
5,14.1,8.9,0.0,"1,2,4,5,6,7,8,9,10,11,12",
