,Due Time,Stage-1 Processing Time,Stage-2 Processing Time,Stage-1 Machines,Stage-2 Machines
0,10.8,0.5,0.0,"1,2,3,4,5,6,7,8,9,10,11,12,13,14,15,16,",
1,20.1,7.9,7.5,"1,2,3,4,5,6,7,8,9,10,11,12,13,14,15,16,","1,2,3,4,6,7,8,9,10,11,12,13,14,15,16,"
2,10.1,5.5,0.0,"1,2,3,4,5,6,7,8,9,10,11,12,13,14,15,16,",
3,18.2,7.7,9.6,"1,2,3,4,5,6,7,8,9,10,11,12,13,14,15,16,","1,2,3,4,6,7,8,9,10,11,12,13,14,15,16,"
4,5.6,2.7,7.6,"1,2,3,4,5,6,7,8,9,10,11,12,13,14,15,16,","1,2,3,4,6,7,8,9,10,11,12,13,14,15,16,"
5,5.1,2.4,2.0999999999999996,"1,2,3,4,5,6,7,8,9,10,11,12,13,14,15,16,","1,2,3,4,6,7,8,9,10,11,12,13,14,15,16,"
6,9.4,3.7,0.0,"1,2,3,4,5,6,7,8,9,10,11,12,13,14,15,16,",
7,8.7,3.0,0.6000000000000001,"1,2,3,4,5,6,7,8,9,10,11,12,13,14,15,16,","1,2,3,4,6,7,8,9,10,11,12,13,14,15,16,"
