Job ID,Due Time,Stage-1 Processing Time,Stage-2 Processing Time,Stage-1 Machines,Stage-2 Machines
0,9.6,6.5,0.0,"1,2,3,4,5,6,7,8,9,10,11,12,13,14,15,16,17,18",
1,4.7,2.0,0.0,"1,2,3,4,5,6,7,8,9,10,11,12,13,14,15,16,17,18",
2,17.1,5.9,0.2999999999999998,"1,2,3,4,5,6,7,8,9,10,11,12,13,14,15,16,17,18","2,4,5,6,7,8,9,10,11,12,13,14,15,16,17,18"
3,10.1,5.2,7.5,"1,2,3,4,5,6,7,8,9,10,11,12,13,14,15,16,17,18","2,4,5,6,7,8,9,10,11,12,13,14,15,16,17,18"
4,22.5,4.7,7.199999999999999,"1,2,3,4,5,6,7,8,9,10,11,12,13,14,15,16,17,18","2,4,5,6,7,8,9,10,11,12,13,14,15,16,17,18"
5,16.6,4.9,0.0,"1,2,3,4,5,6,7,8,9,10,11,12,13,14,15,16,17,18",
