Job ID,Due Time,Stage-1 Processing Time,Stage-2 Processing Time,Stage-1 Machines,Stage-2 Machines
0,8.7,7.7,1.7000000000000002,"1,2,3,4,5,6,7,8,9,10,11,12,13,14,15","2,3,4,5,6,7,8,9,10,11,12,13,14,15"
1,4.5,2.1,0.7000000000000002,"1,2,3,4,5,6,7,8,9,10,11,12,13,14,15","2,3,4,5,6,7,8,9,10,11,12,13,14,15"
2,16.2,4.6,4.8,"1,2,3,4,5,6,7,8,9,10,11,12,13,14,15","2,3,4,5,6,7,8,9,10,11,12,13,14,15"
3,9.4,3.9,2.4000000000000004,"1,2,3,4,5,6,7,8,9,10,11,12,13,14,15","2,3,4,5,6,7,8,9,10,11,12,13,14,15"
4,24.0,7.8,8.1,"1,2,3,4,5,6,7,8,9,10,11,12,13,14,15","2,3,4,5,6,7,8,9,10,11,12,13,14,15"
