,Due Time,Stage-1 Processing Time,Stage-2 Processing Time,Stage-1 Machines,Stage-2 Machines
0,18.3,7.0,2.0,"1,2,3,4,5,","1,2,3,4,5,"
1,24.0,7.7,8.2,"1,2,3,4,5,","1,2,3,4,5,"
2,14.8,5.6,9.0,"1,2,3,4,5,","1,2,3,4,5,"
3,10.0,1.0,3.4000000000000004,"1,2,3,4,5,","1,2,3,4,5,"
4,3.7,1.5,2.4000000000000004,"1,2,3,4,5,","1,2,3,4,5,"
5,24.0,7.3,9.1,"1,2,3,4,5,","1,2,3,4,5,"
6,4.6,3.5,0.0,"1,2,3,4,5,",
7,16.7,8.8,2.7,"1,2,3,4,5,","1,2,3,4,5,"
