Job ID,Due Time,Stage-1 Processing Time,Stage-2 Processing Time,Stage-1 Machines,Stage-2 Machines
0,16.9,9.6,1.2999999999999998,"1,2,3,4,5,6,7,8,9,10,11,12,13,14","1,2,3,6,7,8,9,10,11,12,13,14"
1,17.4,2.8,7.199999999999999,"1,2,3,4,5,6,7,8,9,10,11,12,13,14","1,2,3,6,7,8,9,10,11,12,13,14"
2,8.6,6.0,0.0,"1,2,3,4,5,6,7,8,9,10,11,12,13,14",
3,10.4,3.2,0.0,"1,2,3,4,5,6,7,8,9,10,11,12,13,14",
4,14.3,5.8,3.4000000000000004,"1,2,3,4,5,6,7,8,9,10,11,12,13,14","1,2,3,6,7,8,9,10,11,12,13,14"
5,19.5,8.2,5.9,"1,2,3,4,5,6,7,8,9,10,11,12,13,14","1,2,3,6,7,8,9,10,11,12,13,14"
6,14.7,4.4,2.8,"1,2,3,4,5,6,7,8,9,10,11,12,13,14","1,2,3,6,7,8,9,10,11,12,13,14"
