,Due Time,Stage-1 Processing Time,Stage-2 Processing Time,Stage-1 Machines,Stage-2 Machines
0,1.1,2.3,0.10000000000000009,"1,2,3,4,5,6,7,8,9,10,11,12,13,14,15,","1,3,4,5,6,7,8,9,10,11,12,13,14,15,"
1,17.1,0.5,7.800000000000001,"1,2,3,4,5,6,7,8,9,10,11,12,13,14,15,","1,3,4,5,6,7,8,9,10,11,12,13,14,15,"
2,14.1,5.9,1.6,"1,2,3,4,5,6,7,8,9,10,11,12,13,14,15,","1,3,4,5,6,7,8,9,10,11,12,13,14,15,"
3,24.0,5.8,6.699999999999999,"1,2,3,4,5,6,7,8,9,10,11,12,13,14,15,","1,3,4,5,6,7,8,9,10,11,12,13,14,15,"
4,20.2,5.4,1.2000000000000002,"1,2,3,4,5,6,7,8,9,10,11,12,13,14,15,","1,3,4,5,6,7,8,9,10,11,12,13,14,15,"
