,Due Time,Stage-1 Processing Time,Stage-2 Processing Time,Stage-1 Machines,Stage-2 Machines
0,20.2,4.0,8.2,"1,2,3,4,5,6,7,8,9,10,","2,3,4,5,6,7,8,9,10,"
1,1.9,0.2,0.10000000000000009,"1,2,3,4,5,6,7,8,9,10,","2,3,4,5,6,7,8,9,10,"
2,19.0,5.8,1.2000000000000002,"1,2,3,4,5,6,7,8,9,10,","2,3,4,5,6,7,8,9,10,"
3,8.9,1.3,6.5,"1,2,3,4,5,6,7,8,9,10,","2,3,4,5,6,7,8,9,10,"
4,8.2,5.5,0.0,"1,2,3,4,5,6,7,8,9,10,",
