Job ID,Due Time,Stage-1 Processing Time,Stage-2 Processing Time,Stage-1 Machines,Stage-2 Machines
0,10.2,2.4,7.1,"1,2,3,4,5,6,7,8,9","2,3,4,5,7,8,9"
1,16.0,2.1,7.9,"1,2,3,4,5,6,7,8,9","2,3,4,5,7,8,9"
2,10.4,1.0,1.2000000000000002,"1,2,3,4,5,6,7,8,9","2,3,4,5,7,8,9"
3,16.1,4.6,7.300000000000001,"1,2,3,4,5,6,7,8,9","2,3,4,5,7,8,9"
4,24.0,8.9,1.5,"1,2,3,4,5,6,7,8,9","2,3,4,5,7,8,9"
5,12.2,7.0,0.3999999999999999,"1,2,3,4,5,6,7,8,9","2,3,4,5,7,8,9"
6,14.4,8.0,0.0,"1,2,3,4,5,6,7,8,9",
7,2.6,4.4,1.7999999999999998,"1,2,3,4,5,6,7,8,9","2,3,4,5,7,8,9"
