,Due Time,Stage-1 Processing Time,Stage-2 Processing Time,Stage-1 Machines,Stage-2 Machines
0,6.7,2.2,0.0,"1,2,3,4,5,6,7,8,9,10,11,12,13,14,15,16,",
1,6.8,5.1,0.0,"1,2,3,4,5,6,7,8,9,10,11,12,13,14,15,16,",
2,24.0,7.9,8.3,"1,2,3,4,5,6,7,8,9,10,11,12,13,14,15,16,","2,3,4,5,6,7,8,9,10,11,12,13,14,15,16,"
3,5.0,0.6,0.7000000000000002,"1,2,3,4,5,6,7,8,9,10,11,12,13,14,15,16,","2,3,4,5,6,7,8,9,10,11,12,13,14,15,16,"
4,14.6,0.3,6.699999999999999,"1,2,3,4,5,6,7,8,9,10,11,12,13,14,15,16,","2,3,4,5,6,7,8,9,10,11,12,13,14,15,16,"
5,7.7,3.6,6.699999999999999,"1,2,3,4,5,6,7,8,9,10,11,12,13,14,15,16,","2,3,4,5,6,7,8,9,10,11,12,13,14,15,16,"
6,14.0,6.6,6.0,"1,2,3,4,5,6,7,8,9,10,11,12,13,14,15,16,","2,3,4,5,6,7,8,9,10,11,12,13,14,15,16,"
7,13.7,8.0,1.1,"1,2,3,4,5,6,7,8,9,10,11,12,13,14,15,16,","2,3,4,5,6,7,8,9,10,11,12,13,14,15,16,"
8,9.2,2.0,1.0,"1,2,3,4,5,6,7,8,9,10,11,12,13,14,15,16,","2,3,4,5,6,7,8,9,10,11,12,13,14,15,16,"
