Job ID,Due Time,Stage-1 Processing Time,Stage-2 Processing Time,Stage-1 Machines,Stage-2 Machines
0,17.0,2.3,6.300000000000001,"1,2,3,4,5,6,7,8,9,10,11,12,13,14,15,16,17","1,2,5,6,8,9,10,11,12,13,14,15,16,17"
1,17.6,8.1,3.0999999999999996,"1,2,3,4,5,6,7,8,9,10,11,12,13,14,15,16,17","1,2,5,6,8,9,10,11,12,13,14,15,16,17"
2,10.7,4.7,5.4,"1,2,3,4,5,6,7,8,9,10,11,12,13,14,15,16,17","1,2,5,6,8,9,10,11,12,13,14,15,16,17"
3,24.0,7.6,7.1,"1,2,3,4,5,6,7,8,9,10,11,12,13,14,15,16,17","1,2,5,6,8,9,10,11,12,13,14,15,16,17"
4,4.3,4.4,4.1,"1,2,3,4,5,6,7,8,9,10,11,12,13,14,15,16,17","1,2,5,6,8,9,10,11,12,13,14,15,16,17"
5,8.9,2.0,4.5,"1,2,3,4,5,6,7,8,9,10,11,12,13,14,15,16,17","1,2,5,6,8,9,10,11,12,13,14,15,16,17"
6,14.3,2.7,0.2999999999999998,"1,2,3,4,5,6,7,8,9,10,11,12,13,14,15,16,17","1,2,5,6,8,9,10,11,12,13,14,15,16,17"
7,12.4,6.1,5.9,"1,2,3,4,5,6,7,8,9,10,11,12,13,14,15,16,17","1,2,5,6,8,9,10,11,12,13,14,15,16,17"
8,9.5,3.7,0.0,"1,2,3,4,5,6,7,8,9,10,11,12,13,14,15,16,17",
