Job ID,Due Time,Stage-1 Processing Time,Stage-2 Processing Time,Stage-1 Machines,Stage-2 Machines
0,17.6,8.4,5.9,"1,2,3,4,5,6,7,8,9,10,11,12,13,14,15,16,17,18,19","1,3,6,7,8,9,10,11,12,13,14,15,16,17,18,19"
1,11.1,5.9,0.3999999999999999,"1,2,3,4,5,6,7,8,9,10,11,12,13,14,15,16,17,18,19","1,3,6,7,8,9,10,11,12,13,14,15,16,17,18,19"
2,21.1,9.6,8.5,"1,2,3,4,5,6,7,8,9,10,11,12,13,14,15,16,17,18,19","1,3,6,7,8,9,10,11,12,13,14,15,16,17,18,19"
3,11.0,0.8,0.3999999999999999,"1,2,3,4,5,6,7,8,9,10,11,12,13,14,15,16,17,18,19","1,3,6,7,8,9,10,11,12,13,14,15,16,17,18,19"
4,17.3,7.5,5.4,"1,2,3,4,5,6,7,8,9,10,11,12,13,14,15,16,17,18,19","1,3,6,7,8,9,10,11,12,13,14,15,16,17,18,19"
5,9.5,6.6,4.1,"1,2,3,4,5,6,7,8,9,10,11,12,13,14,15,16,17,18,19","1,3,6,7,8,9,10,11,12,13,14,15,16,17,18,19"
6,8.2,0.5,4.4,"1,2,3,4,5,6,7,8,9,10,11,12,13,14,15,16,17,18,19","1,3,6,7,8,9,10,11,12,13,14,15,16,17,18,19"
7,18.2,3.0,7.6,"1,2,3,4,5,6,7,8,9,10,11,12,13,14,15,16,17,18,19","1,3,6,7,8,9,10,11,12,13,14,15,16,17,18,19"
8,10.4,7.5,0.0,"1,2,3,4,5,6,7,8,9,10,11,12,13,14,15,16,17,18,19",
