Job ID,Due Time,Stage-1 Processing Time,Stage-2 Processing Time,Stage-1 Machines,Stage-2 Machines
0,10.8,0.7,2.0999999999999996,"1,2,3,4,5,6,7,8,9,10,11,12,13,14,15,16,17,18,19","1,2,3,4,6,7,8,9,10,11,12,13,14,15,16,17,18,19"
1,16.7,0.4,2.5999999999999996,"1,2,3,4,5,6,7,8,9,10,11,12,13,14,15,16,17,18,19","1,2,3,4,6,7,8,9,10,11,12,13,14,15,16,17,18,19"
2,24.0,9.4,7.5,"1,2,3,4,5,6,7,8,9,10,11,12,13,14,15,16,17,18,19","1,2,3,4,6,7,8,9,10,11,12,13,14,15,16,17,18,19"
3,22.3,1.0,9.9,"1,2,3,4,5,6,7,8,9,10,11,12,13,14,15,16,17,18,19","1,2,3,4,6,7,8,9,10,11,12,13,14,15,16,17,18,19"
4,1.0,6.0,9.7,"1,2,3,4,5,6,7,8,9,10,11,12,13,14,15,16,17,18,19","1,2,3,4,6,7,8,9,10,11,12,13,14,15,16,17,18,19"
5,14.7,2.5,7.5,"1,2,3,4,5,6,7,8,9,10,11,12,13,14,15,16,17,18,19","1,2,3,4,6,7,8,9,10,11,12,13,14,15,16,17,18,19"
