Job ID,Due Time,Stage-1 Processing Time,Stage-2 Processing Time,Stage-1 Machines,Stage-2 Machines
0,13.5,4.2,3.9000000000000004,"1,2,3,4,5,6,7,8,9","1,2,4,6,7,8,9"
1,14.4,8.8,4.0,"1,2,3,4,5,6,7,8,9","1,2,4,6,7,8,9"
2,15.5,1.0,3.7,"1,2,3,4,5,6,7,8,9","1,2,4,6,7,8,9"
3,13.1,4.7,9.5,"1,2,3,4,5,6,7,8,9","1,2,4,6,7,8,9"
4,15.3,6.9,0.3999999999999999,"1,2,3,4,5,6,7,8,9","1,2,4,6,7,8,9"
5,16.2,9.1,5.0,"1,2,3,4,5,6,7,8,9","1,2,4,6,7,8,9"
