,Due Time,Stage-1 Processing Time,Stage-2 Processing Time,Stage-1 Machines,Stage-2 Machines
0,14.5,9.7,0.6000000000000001,"1,2,3,4,5,6,7,8,9,10,11,12,13,14,","1,2,3,4,6,7,8,9,10,11,12,13,14,"
1,17.2,1.3,3.4000000000000004,"1,2,3,4,5,6,7,8,9,10,11,12,13,14,","1,2,3,4,6,7,8,9,10,11,12,13,14,"
2,14.4,7.8,5.7,"1,2,3,4,5,6,7,8,9,10,11,12,13,14,","1,2,3,4,6,7,8,9,10,11,12,13,14,"
3,18.6,9.7,4.8,"1,2,3,4,5,6,7,8,9,10,11,12,13,14,","1,2,3,4,6,7,8,9,10,11,12,13,14,"
4,12.3,7.9,0.0,"1,2,3,4,5,6,7,8,9,10,11,12,13,14,",
5,10.3,1.8,5.3,"1,2,3,4,5,6,7,8,9,10,11,12,13,14,","1,2,3,4,6,7,8,9,10,11,12,13,14,"
6,10.9,8.0,1.1,"1,2,3,4,5,6,7,8,9,10,11,12,13,14,","1,2,3,4,6,7,8,9,10,11,12,13,14,"
