Job ID,Due Time,Stage-1 Processing Time,Stage-2 Processing Time,Stage-1 Machines,Stage-2 Machines
0,20.3,8.8,8.9,"1,2,3,4,5,6,7,8","1,3,4,5,6,7,8"
1,13.3,8.9,2.0999999999999996,"1,2,3,4,5,6,7,8","1,3,4,5,6,7,8"
2,11.2,6.1,2.4000000000000004,"1,2,3,4,5,6,7,8","1,3,4,5,6,7,8"
3,24.0,4.6,9.7,"1,2,3,4,5,6,7,8","1,3,4,5,6,7,8"
4,20.2,5.1,4.7,"1,2,3,4,5,6,7,8","1,3,4,5,6,7,8"
5,14.5,6.2,5.4,"1,2,3,4,5,6,7,8","1,3,4,5,6,7,8"
6,6.2,3.5,2.5999999999999996,"1,2,3,4,5,6,7,8","1,3,4,5,6,7,8"
7,14.4,8.1,5.8,"1,2,3,4,5,6,7,8","1,3,4,5,6,7,8"
