,Due Time,Stage-1 Processing Time,Stage-2 Processing Time,Stage-1 Machines,Stage-2 Machines
0,15.0,2.1,2.7,"1,2,3,4,5,6,","2,3,4,5,6,"
1,15.8,4.3,5.3,"1,2,3,4,5,6,","2,3,4,5,6,"
2,9.8,5.4,2.0999999999999996,"1,2,3,4,5,6,","2,3,4,5,6,"
3,10.2,2.8,3.0,"1,2,3,4,5,6,","2,3,4,5,6,"
4,12.8,8.9,2.5999999999999996,"1,2,3,4,5,6,","2,3,4,5,6,"
5,24.0,4.6,2.0999999999999996,"1,2,3,4,5,6,","2,3,4,5,6,"
6,14.4,6.2,7.699999999999999,"1,2,3,4,5,6,","2,3,4,5,6,"
7,24.0,5.3,6.4,"1,2,3,4,5,6,","2,3,4,5,6,"
