Job ID,Due Time,Stage-1 Processing Time,Stage-2 Processing Time,Stage-1 Machines,Stage-2 Machines
0,11.9,3.6,0.0,"1,2,3,4",
1,6.8,0.4,0.8999999999999999,"1,2,3,4","2,3,4"
2,24.0,7.4,8.3,"1,2,3,4","2,3,4"
3,16.0,1.3,5.3,"1,2,3,4","2,3,4"
4,8.7,7.0,0.0,"1,2,3,4",
5,7.1,0.7,6.0,"1,2,3,4","2,3,4"
6,21.0,2.8,9.1,"1,2,3,4","2,3,4"
7,7.3,5.9,0.8999999999999999,"1,2,3,4","2,3,4"
8,5.4,3.7,0.0,"1,2,3,4",
