Job ID,Due Time,Stage-1 Processing Time,Stage-2 Processing Time,Stage-1 Machines,Stage-2 Machines
0,4.7,3.9,2.0,"1,2,3,4,5,6,7,8,9,10,11,12,13,14,15,16,17,18","1,2,3,4,6,7,8,9,10,11,12,13,14,15,16,17,18"
1,16.1,3.9,3.5999999999999996,"1,2,3,4,5,6,7,8,9,10,11,12,13,14,15,16,17,18","1,2,3,4,6,7,8,9,10,11,12,13,14,15,16,17,18"
2,4.4,1.6,0.7000000000000002,"1,2,3,4,5,6,7,8,9,10,11,12,13,14,15,16,17,18","1,2,3,4,6,7,8,9,10,11,12,13,14,15,16,17,18"
3,16.4,5.1,5.6,"1,2,3,4,5,6,7,8,9,10,11,12,13,14,15,16,17,18","1,2,3,4,6,7,8,9,10,11,12,13,14,15,16,17,18"
4,14.5,2.9,5.9,"1,2,3,4,5,6,7,8,9,10,11,12,13,14,15,16,17,18","1,2,3,4,6,7,8,9,10,11,12,13,14,15,16,17,18"
5,16.5,7.8,0.0,"1,2,3,4,5,6,7,8,9,10,11,12,13,14,15,16,17,18",
6,16.4,7.1,0.0,"1,2,3,4,5,6,7,8,9,10,11,12,13,14,15,16,17,18",
