,Due Time,Stage-1 Processing Time,Stage-2 Processing Time,Stage-1 Machines,Stage-2 Machines
0,8.4,2.9,2.9000000000000004,"1,2,3,4,","1,2,4,"
1,9.0,2.0,6.1,"1,2,3,4,","1,2,4,"
2,12.3,7.6,2.0999999999999996,"1,2,3,4,","1,2,4,"
3,7.7,3.8,2.2,"1,2,3,4,","1,2,4,"
4,9.7,1.9,2.0999999999999996,"1,2,3,4,","1,2,4,"
5,17.1,6.4,1.7999999999999998,"1,2,3,4,","1,2,4,"
6,17.2,6.1,2.0,"1,2,3,4,","1,2,4,"
