,Due Time,Stage-1 Processing Time,Stage-2 Processing Time,Stage-1 Machines,Stage-2 Machines
0,4.8,0.5,0.0,"1,2,",
1,17.2,5.4,0.0,"1,2,",
2,22.6,6.5,2.4000000000000004,"1,2,","1,2,"
3,22.8,4.8,9.3,"1,2,","1,2,"
4,13.7,0.1,7.300000000000001,"1,2,","1,2,"
5,19.5,9.5,0.6000000000000001,"1,2,","1,2,"
6,6.6,8.1,3.7,"1,2,","1,2,"
7,17.9,0.9,6.5,"1,2,","1,2,"
