Job ID,Due Time,Stage-1 Processing Time,Stage-2 Processing Time,Stage-1 Machines,Stage-2 Machines
0,8.2,4.5,0.0,"1,2,3,4,5,6,7,8,9,10",
1,17.7,6.8,1.7999999999999998,"1,2,3,4,5,6,7,8,9,10","2,3,4,5,7,8,9,10"
2,15.3,6.9,1.7999999999999998,"1,2,3,4,5,6,7,8,9,10","2,3,4,5,7,8,9,10"
3,9.1,6.7,0.0,"1,2,3,4,5,6,7,8,9,10",
4,21.1,7.6,8.7,"1,2,3,4,5,6,7,8,9,10","2,3,4,5,7,8,9,10"
5,16.3,6.2,4.6,"1,2,3,4,5,6,7,8,9,10","2,3,4,5,7,8,9,10"
6,17.1,8.4,2.5999999999999996,"1,2,3,4,5,6,7,8,9,10","2,3,4,5,7,8,9,10"
7,17.5,4.4,5.2,"1,2,3,4,5,6,7,8,9,10","2,3,4,5,7,8,9,10"
