,Due Time,Stage-1 Processing Time,Stage-2 Processing Time,Stage-1 Machines,Stage-2 Machines
0,16.0,5.6,4.1,"1,2,3,4,5,6,7,8,9,10,11,12,13,14,15,","1,2,3,4,6,7,8,9,10,11,12,13,14,15,"
1,24.0,9.8,6.4,"1,2,3,4,5,6,7,8,9,10,11,12,13,14,15,","1,2,3,4,6,7,8,9,10,11,12,13,14,15,"
2,8.3,2.5,1.7000000000000002,"1,2,3,4,5,6,7,8,9,10,11,12,13,14,15,","1,2,3,4,6,7,8,9,10,11,12,13,14,15,"
3,15.0,8.6,5.6,"1,2,3,4,5,6,7,8,9,10,11,12,13,14,15,","1,2,3,4,6,7,8,9,10,11,12,13,14,15,"
4,9.9,1.6,4.6,"1,2,3,4,5,6,7,8,9,10,11,12,13,14,15,","1,2,3,4,6,7,8,9,10,11,12,13,14,15,"
5,14.5,6.1,1.7999999999999998,"1,2,3,4,5,6,7,8,9,10,11,12,13,14,15,","1,2,3,4,6,7,8,9,10,11,12,13,14,15,"
