,Due Time,Stage-1 Processing Time,Stage-2 Processing Time,Stage-1 Machines,Stage-2 Machines
0,6.3,3.2,2.4000000000000004,"1,2,3,4,5,6,7,8,9,10,11,12,13,14,15,16,17,18,","1,2,3,5,6,7,8,9,10,11,12,13,14,15,16,17,18,"
1,19.0,4.4,0.6000000000000001,"1,2,3,4,5,6,7,8,9,10,11,12,13,14,15,16,17,18,","1,2,3,5,6,7,8,9,10,11,12,13,14,15,16,17,18,"
2,17.2,5.0,8.9,"1,2,3,4,5,6,7,8,9,10,11,12,13,14,15,16,17,18,","1,2,3,5,6,7,8,9,10,11,12,13,14,15,16,17,18,"
3,5.3,5.2,4.2,"1,2,3,4,5,6,7,8,9,10,11,12,13,14,15,16,17,18,","1,2,3,5,6,7,8,9,10,11,12,13,14,15,16,17,18,"
4,13.8,9.5,1.4,"1,2,3,4,5,6,7,8,9,10,11,12,13,14,15,16,17,18,","1,2,3,5,6,7,8,9,10,11,12,13,14,15,16,17,18,"
5,20.7,8.0,5.5,"1,2,3,4,5,6,7,8,9,10,11,12,13,14,15,16,17,18,","1,2,3,5,6,7,8,9,10,11,12,13,14,15,16,17,18,"
