Job ID,Due Time,Stage-1 Processing Time,Stage-2 Processing Time,Stage-1 Machines,Stage-2 Machines
0,10.6,3.6,0.0,"1,2,3,4,5,6,7",
1,16.4,2.1,5.3,"1,2,3,4,5,6,7","1,3,4,6,7"
2,12.3,5.5,0.5,"1,2,3,4,5,6,7","1,3,4,6,7"
3,15.5,3.6,7.199999999999999,"1,2,3,4,5,6,7","1,3,4,6,7"
4,5.0,2.8,2.4000000000000004,"1,2,3,4,5,6,7","1,3,4,6,7"
5,3.9,2.7,0.0,"1,2,3,4,5,6,7",
