,Due Time,Stage-1 Processing Time,Stage-2 Processing Time,Stage-1 Machines,Stage-2 Machines
0,10.6,3.1,0.10000000000000009,"1,2,3,4,5,6,7,8,9,10,11,","1,2,3,4,5,6,8,9,10,11,"
1,15.8,6.1,6.0,"1,2,3,4,5,6,7,8,9,10,11,","1,2,3,4,5,6,8,9,10,11,"
2,12.8,5.0,0.6000000000000001,"1,2,3,4,5,6,7,8,9,10,11,","1,2,3,4,5,6,8,9,10,11,"
3,17.0,6.6,2.0,"1,2,3,4,5,6,7,8,9,10,11,","1,2,3,4,5,6,8,9,10,11,"
4,17.6,3.7,6.300000000000001,"1,2,3,4,5,6,7,8,9,10,11,","1,2,3,4,5,6,8,9,10,11,"
5,3.8,5.2,7.4,"1,2,3,4,5,6,7,8,9,10,11,","1,2,3,4,5,6,8,9,10,11,"
6,12.0,6.6,3.4000000000000004,"1,2,3,4,5,6,7,8,9,10,11,","1,2,3,4,5,6,8,9,10,11,"
7,20.7,8.6,5.5,"1,2,3,4,5,6,7,8,9,10,11,","1,2,3,4,5,6,8,9,10,11,"
