Job ID,Due Time,Stage-1 Processing Time,Stage-2 Processing Time,Stage-1 Machines,Stage-2 Machines
0,7.0,2.0,0.0,"1,2,3,4,5,6,7,8,9,10,11,12,13,14,15,16,17,18,19",
1,18.2,9.6,2.9000000000000004,"1,2,3,4,5,6,7,8,9,10,11,12,13,14,15,16,17,18,19","2,3,4,5,6,7,8,9,10,11,12,13,14,15,16,17,18,19"
2,7.7,4.2,2.0,"1,2,3,4,5,6,7,8,9,10,11,12,13,14,15,16,17,18,19","2,3,4,5,6,7,8,9,10,11,12,13,14,15,16,17,18,19"
3,22.3,8.9,7.300000000000001,"1,2,3,4,5,6,7,8,9,10,11,12,13,14,15,16,17,18,19","2,3,4,5,6,7,8,9,10,11,12,13,14,15,16,17,18,19"
4,16.4,8.7,9.1,"1,2,3,4,5,6,7,8,9,10,11,12,13,14,15,16,17,18,19","2,3,4,5,6,7,8,9,10,11,12,13,14,15,16,17,18,19"
