Job ID,Due Time,Stage-1 Processing Time,Stage-2 Processing Time,Stage-1 Machines,Stage-2 Machines
0,5.3,1.8,2.4000000000000004,"1,2,3,4,5,6,7,8,9,10","1,2,3,4,7,8,9,10"
1,8.0,5.8,4.7,"1,2,3,4,5,6,7,8,9,10","1,2,3,4,7,8,9,10"
2,22.2,8.6,7.9,"1,2,3,4,5,6,7,8,9,10","1,2,3,4,7,8,9,10"
3,22.1,7.8,4.8,"1,2,3,4,5,6,7,8,9,10","1,2,3,4,7,8,9,10"
4,15.1,9.3,4.6,"1,2,3,4,5,6,7,8,9,10","1,2,3,4,7,8,9,10"
5,16.7,4.5,5.5,"1,2,3,4,5,6,7,8,9,10","1,2,3,4,7,8,9,10"
6,7.4,1.5,4.1,"1,2,3,4,5,6,7,8,9,10","1,2,3,4,7,8,9,10"
7,9.4,1.5,6.300000000000001,"1,2,3,4,5,6,7,8,9,10","1,2,3,4,7,8,9,10"
