Job ID,Due Time,Stage-1 Processing Time,Stage-2 Processing Time,Stage-1 Machines,Stage-2 Machines
0,6.7,2.7,0.0,"1,2,3,4,5,6,7,8,9,10,11,12,13,14,15,16",
1,9.0,5.5,2.9000000000000004,"1,2,3,4,5,6,7,8,9,10,11,12,13,14,15,16","1,2,3,4,5,9,10,11,12,13,14,15,16"
2,15.4,8.1,0.0,"1,2,3,4,5,6,7,8,9,10,11,12,13,14,15,16",
3,17.4,0.5,6.6,"1,2,3,4,5,6,7,8,9,10,11,12,13,14,15,16","1,2,3,4,5,9,10,11,12,13,14,15,16"
4,15.0,5.2,8.6,"1,2,3,4,5,6,7,8,9,10,11,12,13,14,15,16","1,2,3,4,5,9,10,11,12,13,14,15,16"
5,1.0,1.3,0.0,"1,2,3,4,5,6,7,8,9,10,11,12,13,14,15,16",
6,17.2,4.2,8.6,"1,2,3,4,5,6,7,8,9,10,11,12,13,14,15,16","1,2,3,4,5,9,10,11,12,13,14,15,16"
7,11.8,1.5,4.7,"1,2,3,4,5,6,7,8,9,10,11,12,13,14,15,16","1,2,3,4,5,9,10,11,12,13,14,15,16"
8,11.0,7.9,2.5999999999999996,"1,2,3,4,5,6,7,8,9,10,11,12,13,14,15,16","1,2,3,4,5,9,10,11,12,13,14,15,16"
