,Due Time,Stage-1 Processing Time,Stage-2 Processing Time,Stage-1 Machines,Stage-2 Machines
0,11.7,2.3,7.199999999999999,"1,2,3,4,5,6,7,8,9,10,","1,2,3,4,5,6,7,8,9,10,"
1,6.9,0.4,1.7999999999999998,"1,2,3,4,5,6,7,8,9,10,","1,2,3,4,5,6,7,8,9,10,"
2,23.2,8.5,6.300000000000001,"1,2,3,4,5,6,7,8,9,10,","1,2,3,4,5,6,7,8,9,10,"
3,20.8,2.5,7.1,"1,2,3,4,5,6,7,8,9,10,","1,2,3,4,5,6,7,8,9,10,"
