Job ID,Due Time,Stage-1 Processing Time,Stage-2 Processing Time,Stage-1 Machines,Stage-2 Machines
0,19.8,9.9,6.9,"1,2,3,4,5,6,7,8","1,3,4,5,7,8"
1,20.2,6.1,3.4000000000000004,"1,2,3,4,5,6,7,8","1,3,4,5,7,8"
2,14.5,9.4,0.0,"1,2,3,4,5,6,7,8",
3,22.5,3.9,7.4,"1,2,3,4,5,6,7,8","1,3,4,5,7,8"
4,23.0,9.3,0.3999999999999999,"1,2,3,4,5,6,7,8","1,3,4,5,7,8"
5,12.0,0.5,6.800000000000001,"1,2,3,4,5,6,7,8","1,3,4,5,7,8"
6,16.2,8.2,1.1,"1,2,3,4,5,6,7,8","1,3,4,5,7,8"
7,20.7,7.9,3.7,"1,2,3,4,5,6,7,8","1,3,4,5,7,8"
