Job ID,Due Time,Stage-1 Processing Time,Stage-2 Processing Time,Stage-1 Machines,Stage-2 Machines
0,15.3,8.9,8.7,"1,2,3,4,5,6,7,8,9,10,11,12,13","1,2,4,5,6,8,9,10,11,12,13"
1,1.0,0.4,0.0,"1,2,3,4,5,6,7,8,9,10,11,12,13",
2,13.7,2.1,9.5,"1,2,3,4,5,6,7,8,9,10,11,12,13","1,2,4,5,6,8,9,10,11,12,13"
3,6.6,0.4,3.4000000000000004,"1,2,3,4,5,6,7,8,9,10,11,12,13","1,2,4,5,6,8,9,10,11,12,13"
4,18.7,9.5,4.8,"1,2,3,4,5,6,7,8,9,10,11,12,13","1,2,4,5,6,8,9,10,11,12,13"
5,17.4,5.6,6.199999999999999,"1,2,3,4,5,6,7,8,9,10,11,12,13","1,2,4,5,6,8,9,10,11,12,13"
6,24.0,7.9,8.1,"1,2,3,4,5,6,7,8,9,10,11,12,13","1,2,4,5,6,8,9,10,11,12,13"
7,11.7,0.4,1.1,"1,2,3,4,5,6,7,8,9,10,11,12,13","1,2,4,5,6,8,9,10,11,12,13"
8,9.9,0.4,3.7,"1,2,3,4,5,6,7,8,9,10,11,12,13","1,2,4,5,6,8,9,10,11,12,13"
